{
  "strategy": "ptsam",
  "trainable_params": 2048,
  "total_params": 93737520,
  "num_epochs": 15,
  "batch_size": 2,
  "lr": 0.05,
  "best_val_loss": 0.4338821009732783,
  "best_epoch": 14,
  "final_train_loss": 0.4343359627528116,
  "final_val_loss": 0.4341256618499756,
  "total_time_seconds": 1489.8090777397156,
  "peak_memory_mb": 2919.6181640625,
  "train_losses": [
    0.7587756374850869,
    0.7225087713450193,
    0.6611665552482009,
    0.5662817192496732,
    0.515951931127347,
    0.5081511895987205,
    0.4911661057267338,
    0.47232395759783685,
    0.45698999310843647,
    0.4591524573042989,
    0.454857342178002,
    0.44027980929240584,
    0.4325530759524554,
    0.42988937289919704,
    0.4343359627528116
  ],
  "val_losses": [
    0.7321513555943966,
    0.7377948015928268,
    0.7382990624755621,
    0.5813012039288878,
    0.5901797506958246,
    0.5346238440833986,
    0.5033009918406606,
    0.4564601518213749,
    0.4645696240477264,
    0.462424055673182,
    0.4436841616407037,
    0.44074620958417654,
    0.43829365354031324,
    0.4338821009732783,
    0.4341256618499756
  ],
  "epoch_times": [
    40.83032488822937,
    35.843772649765015,
    42.16251850128174,
    48.155752420425415,
    50.13688850402832,
    828.8468477725983,
    46.629069328308105,
    49.27535676956177,
    48.46048188209534,
    48.54585027694702,
    47.75938296318054,
    47.34416437149048,
    47.81832671165466,
    48.526877641677856,
    47.41607856750488
  ],
  "gpu_utilizations": [
    0.84,
    0.85,
    0.8,
    0.99,
    0.98,
    0.98,
    0.77,
    0.49,
    0.98,
    0.98,
    0.63,
    0.65,
    0.97,
    0.79,
    0.83
  ]
}