{
  "strategy": "medsam",
  "trainable_params": 93729252,
  "total_params": 93735472,
  "num_epochs": 25,
  "batch_size": 1,
  "lr": 0.0001,
  "best_val_loss": 0.06800382683286443,
  "best_epoch": 14,
  "final_train_loss": 0.018649114208528772,
  "final_val_loss": 0.07397641014540568,
  "total_time_seconds": 2191.149400949478,
  "peak_memory_mb": 4253.80224609375,
  "train_losses": [
    0.21453582780668512,
    0.16700558652519248,
    0.1419415035052225,
    0.12069619096291717,
    0.1065721808699891,
    0.09077107679331675,
    0.08437406558368821,
    0.08324150780390482,
    0.06404000996553805,
    0.05009005166357383,
    0.04668712796410546,
    0.044484948535682634,
    0.03951591145596467,
    0.037591034022625536,
    0.03145123135618633,
    0.030458553817879874,
    0.03085912444657879,
    0.027002909562725108,
    0.02623646981373895,
    0.024046137135883328,
    0.02206648873107042,
    0.020882295590126887,
    0.020882888355117757,
    0.01903777506231563,
    0.018649114208528772
  ],
  "val_losses": [
    0.1428362518781796,
    0.14734500122722238,
    0.12233619933249429,
    0.12810724775772542,
    0.09614824701566249,
    0.10425142338499427,
    0.09373863216023892,
    0.09561425284482539,
    0.08627233031438664,
    0.08663762215292081,
    0.09156637918204069,
    0.08129228692268953,
    0.08599479729309678,
    0.06800382683286443,
    0.06998470227699727,
    0.07798999652732164,
    0.07859755645040423,
    0.07855805451981723,
    0.07442219991935417,
    0.08098382817115635,
    0.07100011495640501,
    0.07998072582995519,
    0.08514677704079077,
    0.08012768047046848,
    0.07397641014540568
  ],
  "epoch_times": [
    85.08116340637207,
    84.2775468826294,
    85.32622075080872,
    85.27824997901917,
    85.70011258125305,
    88.88485407829285,
    89.65447068214417,
    89.93822884559631,
    88.82444977760315,
    88.69567227363586,
    88.72129201889038,
    88.67983841896057,
    88.41214203834534,
    88.58987236022949,
    88.6463794708252,
    88.52501177787781,
    87.31351613998413,
    86.76982235908508,
    85.60624432563782,
    86.22227740287781,
    84.7410409450531,
    84.72123908996582,
    85.0821840763092,
    86.7066581249237,
    86.974360704422
  ],
  "gpu_utilizations": [
    0.76,
    0.69,
    0.69,
    0.77,
    0.71,
    0.69,
    0.68,
    0.66,
    0.66,
    0.71,
    0.7,
    0.69,
    0.69,
    0.67,
    0.69,
    0.72,
    0.78,
    0.75,
    0.75,
    0.74,
    0.78,
    0.7,
    0.77,
    0.72,
    0.72
  ]
}