{
  "strategy": "ppsam",
  "trainable_params": 89677132,
  "total_params": 93735472,
  "num_epochs": 25,
  "batch_size": 1,
  "lr": 0.0001,
  "best_val_loss": 0.07871818653075024,
  "best_epoch": 21,
  "final_train_loss": 0.07214417139766738,
  "final_val_loss": 0.12224961153697222,
  "total_time_seconds": 2137.7164747714996,
  "peak_memory_mb": 4210.591796875,
  "train_losses": [
    0.2527964534529019,
    0.1908439942926634,
    0.1599628823751118,
    0.14077728705888148,
    0.11964466684730724,
    0.10314651046064682,
    0.08999771284288727,
    0.13146578177111223,
    0.10030568529327866,
    0.07104741828516126,
    0.057798292124061845,
    0.04856606197427027,
    0.04467702821420971,
    0.043172573670744896,
    0.03914334914588835,
    0.03604048761189915,
    0.03472912595316302,
    0.03217596161266556,
    0.03148400446661981,
    0.02845449458254734,
    0.026760169290355407,
    0.024085916295007337,
    0.02480905316042481,
    0.025312361532996874,
    0.07214417139766738
  ],
  "val_losses": [
    0.1861461382941343,
    0.16050881112460047,
    0.15341371321119368,
    0.1704787955386564,
    0.15943679469637573,
    0.1207492797402665,
    0.10923642723355442,
    0.10836337337968871,
    0.110182675474789,
    0.11353511520428583,
    0.09748122416203842,
    0.09456767805386335,
    0.1047631167457439,
    0.1018507675617002,
    0.08603930991375819,
    0.08348136703716591,
    0.08418443182017654,
    0.09549187478842214,
    0.08851010585203767,
    0.09919560916023329,
    0.07871818653075024,
    0.08941179903922603,
    0.09169033769285306,
    0.08422084158519283,
    0.12224961153697222
  ],
  "epoch_times": [
    84.73514127731323,
    84.64417934417725,
    85.04404592514038,
    85.92495560646057,
    85.91716742515564,
    85.26272988319397,
    84.44334316253662,
    85.09919595718384,
    85.1326687335968,
    85.49664831161499,
    84.67974400520325,
    84.5575921535492,
    84.27897000312805,
    85.42044520378113,
    84.72463512420654,
    83.51109218597412,
    85.1299786567688,
    83.85198593139648,
    83.69084453582764,
    84.93867087364197,
    85.50171327590942,
    85.15033507347107,
    85.03714394569397,
    85.28400707244873,
    85.53051400184631
  ],
  "gpu_utilizations": [
    0.71,
    0.76,
    0.73,
    0.75,
    0.71,
    0.74,
    0.77,
    0.75,
    0.71,
    0.77,
    0.75,
    0.77,
    0.74,
    0.74,
    0.74,
    0.74,
    0.77,
    0.78,
    0.77,
    0.67,
    0.75,
    0.75,
    0.77,
    0.76,
    0.73
  ]
}